{
   "blockchain": {
    "type": "sawtooth",
    "config": "benchmark/simple/sawtooth.json"
  },
  "command" : {
    "start": "docker-compose -f network/sawtooth/simplenetwork/sawtooth-simple.yaml up -d",
    "end" : "docker-compose -f network/sawtooth/simplenetwork/sawtooth-simple.yaml down;docker rm $(docker ps -aq)"
  },
  "test": {
      "name": "simple",
      "description" : "This is an example benchmark for caliper",
      "clients": {
        "type": "local",
        "number": 1
      },
    "rounds": [{
        "label" : "open",
        "txNumber" : [5],
        "rateControl" : [{"type": "fixed-rate", "opts": {"tps" : 1}}],
        "arguments": {  "money": 10000 },
        "callback" : "benchmark/simple/open.js"
      },
      {
        "label" : "query",
        "txNumber" : [5],
        "rateControl" : [{"type": "fixed-rate", "opts": {"tps" : 1}}],
        "callback" : "benchmark/simple/query.js"
      }]
  },
  "monitor": {
    "type": "docker",
    "docker":{
      "name": ["all"]
    },
    "interval": 1
  }
}
