{
  "blockchain": {
    "type": "iroha",
    "config": "benchmark/simple/iroha.json"
  },
  "command" : {
    "start": "docker-compose -f network/iroha/simplenetwork/docker-compose.yml up -d",
    "end" : "docker logs iroha_node0; docker logs iroha_node1; docker-compose -f network/iroha/simplenetwork/docker-compose.yml down"
  },
  "test": {
    "clients": {
      "type": "local",
      "number": 5
    },
    "rounds": [{
        "label" : "open",
        "txNumber" : [50],
        "rateControl" : [{"type": "fixed-rate", "opts": {"tps" : 50}}],
        "arguments": {  "money": 10000 },
        "callback" : "benchmark/simple/open.js"
      },
      {
        "label" : "query",
        "txNumber" : [50],
        "rateControl" : [{"type": "fixed-rate", "opts": {"tps" : 50}}],
        "callback" : "benchmark/simple/query.js"
      }]
  },
  "monitor": {
    "type": ["docker", "process"],
    "docker":{
      "name": ["all"]
    },
    "process": [
      {
        "command" : "node",
        "arguments" : "local-client.js",
        "multiOutput" : "avg"
      }
    ],
    "interval": 1
  }
}
