{
  "iroha": {
    "admin" :{
      "account":"admin",
      "domain" : "test",
      "key-pub":"network/iroha/simplenetwork/admin@test.pub",
      "key-priv":"network/iroha/simplenetwork/admin@test.priv"
    },
    "network": {
      "node0": {
        "torii": "localhost:50051"
      },
      "node1": {
        "torii": "localhost:50052"
      }
    },
    "fakecontract": [
      {"factory": "src/contract/iroha/simple/factory.js", "id":["simple"]}
    ]
  },
  "info" : {
    "Version": "develop",
    "Size": "2 Peers",
    "Distribution": "Single Host"
  }
}